exchange_idx,OBSID,student_text,teacher_text,gold_is_otr,gold_elicitation_type,gold_response_type,gold_cognitive_depth,pred_is_otr,pred_elicitation_type,pred_response_type,pred_cognitive_depth
208_714,208,And then you make six.,You want me to make six?,yes,individual,verbal,authentic,yes,individual,verbal,test
165_119,165,Maybe put ’em in groups about how popular they are.,"About the popularity of that candy.  Okay, what else can we look at?   What else can we think about, to think outside the box?  Come out your box.  Okay, we know about the colors.  We know about the flavors.  We know that we’re gonna sit and count them and group them, but say we were doing – first of all, what could we take to find out about Skittles?",yes,individual,verbal,test,yes,choral,verbal,authentic
4206_153,4206,You build 6 of them.,6 what?,yes,individual,verbal,test,yes,individual,verbal,test
1020_37,1020,Is she 5 years old?,"Yes she is.  That was a great question.  Good job.  What does that mean, Student T?  Listen to Student T.  Let him explain.  Everything is pennies.  You need to listen to the directions.  This is all pennies.  These are 5 pennies.  We don’t have enough pennies for us all to use.  Pretend these are pennies.  Now let me say it again.  I see people changing out their pennies for the actual dimes, quarters, and nickels.  While it’s wonderful that you know how to do that, that’s not the point.  I know what I said.  Don’t interrupt me.  What did I say?  Go ahead, Student A.",yes,individual,verbal,test,yes,individual,verbal,test
2205_242,2205,"I agree with finding the factors, like breaking the numbers down, breaking the numbers down from the number, like getting all the prime numbers and –",So I think that – this is what I’m hearing.  I’m saying that it has to do with breaking numbers apart into prime numbers. So breaking a number apart – you should be writing this – into –,no,,,,yes,choral,production,test
600_99,600,Oh so it’s just like perimeter?,Except you’re…,no,,,,no,,,
989_340,989,Is that what it looks like?,Are we ready? Wait a second we gotta wait for Student A. Student A what’s 7 times 4?,yes,individual,verbal,test,yes,individual,verbal,test
761_399,761,The number in the middle from least to greatest.,From least to what?,no,,,,yes,individual,verbal,test
838_3,838,"No, my dad told me.","You’re dad told you?  Very nice.  All right.  So, look up the definition of ‘expression’.  Chapter 3.  Where’s your journal?  Get your journal out.  You can use the glossary, or you can use the highlighted words in the chapter. Either one. Clear your desk of each time, so your mind can think.  That’s why I always have you stay organized.  Are you going to use the highlighted words in Chapter 3?  Or, are you going to use the glossary?",yes,individual,verbal,authentic,yes,choral,verbal,authentic
4534_54,4534,As long as it’s closed and has straight sides.,"What about if I draw something like this?  Let me get my pen back.  What if I draw something like this?  This doesn’t want to go.  Watch this.  Don’t say it.  How many of you say yes that is a polygon?  How many of you say no, it is not a polygon?  It is a polygon.",maybe,choral,gestural,test,yes,choral,gestural,test
933_284,933,We’re supposed to add the table.,"Where’s the table?  Put your finger on the table.  So, you don’t need to do anything else.  Don’t go making more work for yourself.  Copy Lee’s table.  Do exactly as what it says.  Go ahead.  No need to be copying the works.  All right, good, Steven.  Nicole.",maybe,individual,gestural,test,yes,individual,verbal,test
4426_7,4426,The thing that goes underneath it?,"It should be in the packet.  It’s like the last page, I believe.  All right, there should be a question mark. Okay.  So basically when you’re adding fractions and subtracting fractions, it’s just like adding and subtracting whole numbers except for you’re just talking about parts of a whole because that’s essentially what fractions are, all right? But I do want to go ahead and talk a little bit first.  It’s kind of like talking about things, okay?  And what I’d like to do is talk about our whole.  So if you could go ahead, and we’re going to model them first and then we’re going to talk a little bit more work with them.  But if you will take out your whole in your fraction kits, we’ll work with these because this is Singapore.  And what I would like you to do is I would like you to show me eight eighths. You’re missing one eighth?  You’re missing one eighth?  Okay. I really like the way, Student M, you’re really showing it to me in a way that I can see two eighths.  I would really love to see how you can show me this.  Okay, Student J?",yes,individual,verbal,authentic,yes,individual,production,test
4243_24,4243,"1, 2, eyes on you.","What do we notice about those shapes, Student M?",yes,individual,verbal,test,yes,individual,verbal,authentic
4158_303,4158,Do we color the thing that we took away?,"You color two thirds and label that.  Guys, catch me if I change colors.  I want to change colors so badly.",no,,,,yes,choral,production,test
2677_210,2677,"You went up on the board, and you’re like, why did you do that? Because you told me to.","Yeah.  You need to know why you’re doing what you’re doing, and every once in a while I’m coming in and throwing in a comment to see if you know why you’re doing what you’re doing.  I want you to be confident and say Mrs. J, PEMDAS tells me that whatever is in the parenthesis, whatever operation is there, that has to be done first, okay?  Then I bring these numbers down.  You all with me?",yes,choral,"verbal, gestural",authentic,yes,choral,verbal,test
2262_65,2262,Sophie has 8 stickers and she wants to give 2 to each of her friends.  How many of her friends will Sophie be able to give stickers to?,"Okay.  What are the two pieces of information that you need? What two numbers are you going to be working with in that first division story?  How many sticker sheets do you have? 8.  How many sheets are you going to give to each person? 2.  How many friends will you be able to give stickers to? Student A, look up here.  You told me 8 and 2 were the important pieces of information.  Okay.  We’re saying we have 8 sticker sheets divided by 2 per person.  How many people will receive sticker sheets?  Raise your hand, please.  Student J?",yes,individual,verbal,test,yes,individual,verbal,test
2380_152,2380,I used 9 plus 11 equals 20 minus 8 equals 12.,That’s another way to do it with three numbers.  How many numbers?,yes,individual,verbal,test,yes,individual,verbal,test
2512_267,2512,I did it from biggest to smallest.,"I see that.  Now, you know you didn’t have to do that, right?",yes,individual,verbal,authentic,no,,,
4243_162,4243,That it’s a triangle.,We know what a triangle is.  It has three sides.  Is it straight sides?,yes,individual,verbal,test,yes,choral,verbal,test
4007_42,4007,Then cross out the 3 and the 2.,"I can’t take 8 from 0, so I have to borrow again.  Now I have 10 minus 8 which is 2.  What’s wrong, Student A?",yes,individual,verbal,authentic,yes,individual,verbal,authentic
4730_206,4730,I thought it was $9.05.,"No.  See, that’s because you made the mistake of – because what you did, I don’t know what you did exactly, but what you did was you counted 11 to 20 probably, and you know 11 plus 9 is 20, and then you just tacked the –",no,,,,no,,,
2768_69,2768,The things on the ceiling.,Good job.  Parallel lines.  The grid on the ceiling.  I can’t believe how many we have already and we’re just in the room.  All right.  Student K?,maybe,individual,verbal,authentic,yes,individual,verbal,test
2141_344,2141,Is there going to be a remainder?,"Mm-hmm, there is. Yes.  A remainder can only be one number.  Oh, the quotient? What do you think the quotient is going to be?",yes,individual,verbal,test,yes,individual,verbal,test
4206_281,4206,"Like, two greens and – I want to make 8, right?",Mm-hmm.,no,,,,no,,,
4002_125,4002,Then I divided it here because I had no idea what it was.,"Student S did something I’m fine with, guys.  Group, you with me?  She said that she’s going to go ahead and divide this out just regularly and then deal with representing it with blocks.  So how do you represent 49 remainder 2?  Other group members, feel free to help out.",yes,"small group, peer directed","verbal, production",test,yes,small_group,verbal,test
69_11,69,I think she used the landmark number.,And what was her landmark number?,yes,individual,verbal,test,yes,individual,verbal,test
958_208,958,Negative three.  So five subtract three.,Great!,no,,,,no,,,
537_454,537,"No, because you’re going to keep on going.",Because it doesn’t go into 10.  Right?,maybe,individual,verbal,test,yes,choral,verbal,test
4562_694,4562,Times 20 is way too big?,How many is that?,yes,individual,verbal,test,yes,individual,verbal,test
207_199,207,One hundred twenty-five thousandths.,One hundred twenty-five thousandths is one way to say it.  But I love that you knew it was one tenth and that that reminded you of one fourth.  Student A?,maybe,individual,verbal,authentic,yes,individual,verbal,authentic
2661_54,2661,“Lines of latitude are measured in degrees.  Lines north of the equator are labeled and lines south of the equator are labeled as –,"So let’s back up and let’s read that correctly.  “Lines north of the equator are labeled, and when you see that little circle –",no,,,,yes,choral,verbal,test
208_108,208,Don’t we never add the denominator?,"We don’t add denominators, and we’re gonna think a little bit about why we don’t add up those denominators.  Maybe it’ll help if we take a look at some of our fractions here.  You have in front of you, in case you need it, your 4x6, but you may be able to do some of this on your own.  I want you to see.  Can we add –?  And I want you first to do it on your paper and I’m writing it this way.  Sometimes it’s easier to see our fraction.  You could do it on scrap, on your grid or in your notebook.  Can I add one-sixth and five-sixths?  And I want you to say and proof what is it and how can I add it.  Okay, hold it.  Hold on a second. I’m gonna give everyone a chance to try it.",yes,choral,production,test,yes,choral,verbal,authentic
756_57,756,"You did 15 plus 10 is 25, minus three is 22.","Okay, so the next one is what?",yes,individual,verbal,test,yes,individual,verbal,test
4425_244,4425,"Yeah, you could also do two fifths.","All right, on your bottom number, I don’t want two colors.  I want one color, Student S.  We’re trying to find a common denominator so we want one denominator that they have in common.  You sure that matches up?",yes,individual,verbal,test,yes,individual,verbal,test
4426_220,4426,We were supposed to take five tenths away.,"Okay, so then you’re done with your turn.",no,,,,no,,,
4651_213,4651,You would have divided by four – three over three.,What would be my greatest common factor between 75 and 100?,yes,individual,verbal,test,yes,individual,verbal,test
498_295,498,There’s two cups in one pint.  Four cups in—,"Yeah, we need to write all that stuff down.  We know that there are how many ounces in a cup?",yes,individual,verbal,test,yes,choral,verbal,test
2491_214,2491,"I know, but there’s 5 going down.","Okay, gotcha.  So going down there’s 5.  So you’re saying that would be like putting 10 cubes and slicing them in half. My question though is: would slicing them in half work? Because look, from here – well, maybe it would.  So you’re saying that measures out to about half a cube.  Okay, good. Good job.  What was your total, by the way?",yes,individual,verbal,authentic,yes,individual,verbal,test
1069_28,1069,"Number sentences related to PEMDAS because in order to solve a number sentence you’re gonna need to know the order of operations that you use and they’re important because you can – because let’s say you have a job and then you sort out your taxes, you can use number sentences to help you sort out your taxes.","You can write equations to figure out tax information as well as calculating tax information, can’t you?  One plus two is what? Who said four?  I’m feeling dizzy.  I’m feeling dizzy.  One plus two is what?",yes,individual,verbal,test,yes,individual,verbal,test
4363_26,4363,There are 3 trees with 9 apples.  How many apples are there together?,Three what?,no,,,,yes,individual,verbal,test
2523_82,2523,There’s still a zero.,There’s still a zero where?,yes,individual,verbal,test,yes,individual,verbal,test
2188_11,2188,We’ve been in school for 54 days.,"Excellent.  Student A, when you think of the number 54, how many tens are in the number 54?  Which digit is in the tens place in the numeral 54?",yes,individual,verbal,test,yes,individual,verbal,test
4426_135,4426,"Yeah, so you would reduce it down to –","How did I get there?  What do you mean by reduce it down?  I have two twelfths.  I want to put it here.  Just show me what I would reduce it.  One and what would this be?  Show me what we call minimal collection.  If I have two twelfths, I don’t want to carry around two twelfths.  I can turn it into what?",yes,individual,verbal,test,yes,choral,verbal,test
568_397,568,Because it has more circle at the bottom and then the rest is like [oval].,"A weird thing, right? Okay.  One circle.  Does anything else here have just one circle?",yes,choral,verbal,test,yes,individual,verbal,test
641_482,641,"Yeah, that’s a whole.",That’s a whole.  That’s a whole  That’s a whole.  That’s a whole.,no,,,,no,,,
4730_218,4730,I don’t remember that.,"And when we played Close to 100, which strategy did we discover?  What do we try to make in the tens place? Student C.",yes,individual,verbal,test,yes,individual,verbal,test
355_459,355,"Well, you said we do 1 through 4.","Okay, where are they?",yes,individual,verbal,test,yes,individual,verbal,test
4093_134,4093,"Because you always have to put the 0 with the 10, and you just have to put a decimal in the back, which is a whole number.","Right.  When you add this decimal, it helps you keep your value.  We can add a million zeros behind this decimal, and it’s still going to equal 1, but without this decimal it’s no longer 1.  It’s 10.  If you add two zeros, it’s 100.  That decimal helps you keep your whole number value because everything after this is going to be smaller than 1.  Now we got this set up.  Who can tell me what to do?  Remember, we’re trying to see how one fourth equals twenty-five hundredths.  We got it set up.  We figured out we needed to add that decimal there to keep our value at 1 but to still be able to divide.  What’s the next step?  Student L?",yes,individual,verbal,test,yes,individual,verbal,test
490_61,490,"Wait.  Line A, B, is parallel to Line C, D.","My point is this.  Can we also say Line Segment A, B is parallel to Line Segment C, D?",yes,individual,verbal,test,yes,choral,verbal,test
4490_16,4490,"Nine and – 90 hundredths plus three is 41 hundredths, equals eight and 31 hundredths.","That is correct.  You can just do the answer for me only, that’s fine.  So he said eight and 31 hundredths.  That is eight, decimal, three, one.  Number two – do you have a question?",yes,individual,verbal,authentic,no,,,
1030_241,1030,I already did Student S and now I’m with Student A but how can—,You’re getting all even numbers for your mean?  How is that possible?,yes,individual,verbal,authentic,yes,individual,verbal,authentic
493_29,493,I’ve got a number right here.,You’ve got to erase one and look at one on your sheet to see one you have not used.  All right.  We need to—,no,,,,yes,individual,production,test
2939_325,2939,"Me and Student H said because this is 4 times 6.  So we just multiplied that and it equals 24, so we counted out 12.",Good.,no,,,,no,,,
2676_86,2676,It turns into another decimal.,It turns into what type of number?,yes,individual,verbal,test,yes,individual,verbal,test
4206_155,4206,"6 rows, 6 in each row.","There’s 6 in each column, right, so what does that 2 mean?",yes,individual,verbal,test,yes,individual,verbal,test
4093_72,4093,Because there’s already a 4.,"Already a 4, so we have a 2, then what?  A 4 here, then a 3 here.  I’m going to fill in our numbers and we’re going to check ourselves.  Student T, correct yourself.  3, 4, 1.  Congratulations.  Oh, the timer must have been running when I pulled it up initially this morning, but you got it pretty quick.  You did it pretty quick.  So if you want to try your hand at 4 by 4, Student K, I will print some out for later. Now that our brains are all warm, we are going to start our lesson for today.  Student M, can you flick that first light on for me?  We’ve been spending quite a bit of time over these last two weeks talking about fractions.  We’ve simplified fractions.  We’ve made equivalent fractions.  We’ve added and subtracted fractions, oh, and we’ve multiplied fractions too.  You’re probably sick of fractions. They’re probably coming to of your ears, but there are still more things we can do with fractions.  We still have to learn how to divide the fractions, and today we’re going to look at how fractions and decimals relate.  How do fractions and decimals relate, Student N?  Your essential question is how do fractions and decimals relate?  Turn to a clean page in your math journal, and write that down.  Okay. Now raise your hand if you like money.  I knew it, everybody.  So Ms. L is going to give you one whiteboard dollar.  Fantastic.  Who can tell me how we write this?",yes,individual,verbal,test,yes,individual,verbal,test
482_114,482,5 and 5 go into 0 zero times.,Good.,no,,,,no,,,
2661_189,2661,"Teacher, number B has already been done for you.","Great.  You may need to label it though. At this point, look up at me if you’ve done 1A so I can come around and make sure you’ve done it correctly.  I’m gonna have you not do this if you’re gonna do this.  You don’t want me to call your mom today.  I have been calling your name too much.  Don’t play with the rulers.",no,,,,yes,choral,gestural,test
4080_97,4080,You have to divide it by 12.,There’s no division on here.  I don’t see a single thing about division.  That is a fraction bar.,no,,,,no,,,
2692_368,2692,The little hand is on the 2.,So what time is it?  It is math time still.,maybe,,,,yes,individual,verbal,test
2107_198,2107,The way I figured out my answer is I noticed that two pairs equal 10 pounds so I subtracted one ball and I got my answer.,"Cool nice job, nice job.",no,,,,no,,,
2651_596,2651,That’s what I’m going to do.,"All right, guys.  Shh.  Shh.  Tonight, you’re going to work on practice book 22.4.  all of it.  All of it.  We’ll be ready to check that tomorrow, all right?  And you also need to study the entire chapter 22 on perimeter and area.  All figures that we have talked about.  Everybody understand?",maybe,choral,"verbal, gestural",authentic,yes,choral,verbal,test
2024_155,2024,Student J and Student N.,"Student J and Student N, I just called your group three times. Don’t leave your things on the floor.  Student J, listen. First of all, Student N, you don’t just leave them on the floor.  Just come up to me.  Look at me.  Come up to the table.  Student J, come up.  Just put it back.  You’re not listening.  Just come up to me.  Thank you.  There should be a stool there.  We’re talking about listening.  All right.  Everyone should have one of these.  Okay.  Here we go.  Okay.  I’m going to move this out of the way.  All right.  Take one and pass it down.  Student J, pass it down.  Okay.  What I want to do with you today is to show you how to look at numbers that are larger or smaller, greatest to least, and we’re going to practice looking at decimals and saying them as well.  Since you’re right next to me, I want to put these four cards right here and I want you to pick one.  Okay.  She picked number four.  Okay. Wow.  All right.  This is the first time this has happened. She picked number four.  Take your chip and put it on the number four.  Okay.  You cannot take it off okay?  What we’re going to do is we’re all going to take a card, and you’re going to put it in a – once you put it in a space you cannot move it, okay?  I’m going to start with you. I’m going to put it right here.  I want you to reach over and take a card.  Now you’re going to keep that card.  Put it anywhere on this space that you want.  Take a turn. Pick a card.  Keep going.  The card goes to you, Student J. What are you doing?  You’re putting it on one of these spaces.  Keep going.  An ace is 1, so you consider ace as a 1.  Put anything there.  Come on, Student J.  Pay attention.  Pick a card.  Keep going.  Pick a card.  Okay. Pick a card.  You cannot put it there.  Student J, you’re not listening.  That is a spot you cannot put a card there. That is your decimal spot.  Pick a card.  That’s a 1. That means 1.  You can put it anywhere you want.  Okay. Now everyone has three cards.  These cards we’re going to look at as numbers.  Your chip is on number four which means all these numbers are in front of the decimal point, which means all these numbers are going to be what type of numbers?  Whole numbers.  Very good.  They’re all whole numbers.  This is going to be easy to read.  Aces are 1. What’s your numbers?",yes,small group,"verbal, production",authentic,yes,choral,verbal,test
2018_63,2018,"Whole numbers too, because we did that last year in Ms. E’s class.  We did our average.",Right.  Sometimes you’ll end up with an infinite number.,no,,,,no,,,
2525_298,2525,So two and one half?,"There you go, okay.  Student O, let me help you.  Okay, there is one, because you are doing groups of two-sixth, right? There is one group.  I am going to move it down.  There is the second group.  Am I going to get another group of two- sixths out of that?  How much of that group can I get out of that?",yes,individual,verbal,test,yes,individual,verbal,test
888_89,888,"Because, you can’t break an odd number in half.","Right, you can’t break an odd number in half evenly, right. Correct.  Good job.  Okay.  Does that make sense to you? So, we started with the simple number of four eighths, and look at all the numbers that we can create with four eighths.  And, they all equal what?",yes,individual,verbal,test,yes,individual,verbal,test
2692_150,2692,Because you have to add nine eight times.,"Exactly.  So that’s why memorizing those facts, it’s a lot better.  The more automatic and the more fluent you become, the quicker it is.  You want to memorize those math facts so that you’re not adding it repeatedly.  However, Student Z, it’s an awesome strategy.  If you don’t memorize 9 times 8, you at least know the rule.  You can add that number 9 how many times?",yes,individual,verbal,test,yes,individual,verbal,test
539_247,539,Because it doesn’t go…,"How do you know it’s not close to zero?  It has a whole number, right?  So is this going to come before or after the whole? Is this bigger – greater or less than a whole?",yes,individual,verbal,test,yes,individual,verbal,test
2084_87,2084,8 plus 8 is 16.,"Honey, what?  Why would you turn the 6 into an 8? Oh, you’re talking about the subtraction.  Yeah, 16 minus 8 is 8, because 8 times 2 is 16.  Okay.  6 minus 15, right, and then we just bring down that 4.  We could check this problem with –",no,,,,yes,individual,verbal,test
4694_15,4694,Because there’s no – they’re all straight lines.,"Very good.  Let’s zoom this in.  Your first reaction might be that this is a no, but if you look closely at it, and I know the paper isn’t perfect, but all of those sides are straight.  It looks like it’s curved, but when you look closely at each side, all of the sides are straight.  It’s just the way they designed it, it looks like it might be a circle, but it’s really not. They have sides.  It is a little bit of a trick. And they have sides and they have angles there.  You really have to look closely.  Okay.  Very good. Let’s have somebody come up and do 4-6.  Mr. D, come up.  Okay.  Number four.",no,,,,yes,individual,production,test
4206_145,4206,"Every time you go down, why didn’t you subtract 1 minus 1?","Bring down my 8.  My new number is 8, so I need 8 or less.  Can you see where she got the 6 from the M side?  I put a 6 right here, and what number goes with 6?  1. Dragons mean serious business.  Is there anything left to bring down?  What does that mean?  What are we doing with this down here?",yes,choral,verbal,test,yes,choral,verbal,test
754_361,754,"She broke the 60 and the 35, so she put 60 times 30, and it equals 180 – 1,080.","Okay.  And something that was ignored, I wanted to see the array.  I wanna see if she has all –",no,,,,yes,individual,production,test
8_71,8,Can you just do it on the paper?,"Well, you have to kind of follow what it says.  You’re gonna have to draw the design.  So, you have to draw one pattern that you come up with for Number 2. And then, for Number 3, you can – kind of like we talked about before, conjectures are kind of like guesses in math, right?  You can come up with conjectures and say, oh, well, I think 10 times 1 times 3 is gonna work or something like that. But how do you know?  You have to find some way to figure out if that’s gonna work.  You have to build it or draw it or be able to explain it to us.  ’Cause what we’re gonna do is I have a chart that we’re gonna put up at the end and we’re gonna come up with all different ways that we can build that new box. Got it?",yes,individual,"verbal, gestural",authentic,yes,choral,verbal,test
2659_72,2659,"Well, I was talking about this is an edge here.","That’s an edge, yes.",no,,,,no,,,
2389_350,2389,Zero times six or three times six or do two times six?,Said 30 times 6.  I love what you did here.  This is six.  This one is what?,yes,individual,verbal,test,yes,choral,verbal,test
4206_55,4206,Seven eighths plus one eighth.,"You’re yelling in my ear.  Yes, write that down.  What about one eighth plus one eighths—",yes,individual,verbal,test,yes,individual,verbal,test
2252_193,2252,So it means that the whole equation is only the same.,What does it mean?  I still don’t understand what is it?,yes,individual,verbal,authentic,yes,individual,verbal,authentic
576_103,576,"So then I put this right here, then I know this is less than this.",What is the half point?  0.5 is the half point.  What do you know about all the numbers in front of the half?  They’re less than half.  What do you know about all these numbers here?,yes,individual,verbal,test,yes,individual,verbal,test
4429_23,4429,"1,574 divided by 4.",What’s my first step to solve that division problem?,yes,individual,verbal,test,yes,choral,verbal,test
2437_105,2437,All the sides are equal.,"All the sides are congruent.  They have the same dashes.  What about number two?  Student N, what can you say for number two?",yes,individual,verbal,test,yes,individual,verbal,test
8_286,8,When you added one – they had to – they doubled the 2.,"They doubled the 2, which made it 4.",no,,,,no,,,
2571_75,2571,Twelve is a factor of forty-eight.  So 12 times 4 equals 48.,"Student A, do you agree with that?  Is 12 times 4 gonna get us to 48?",yes,individual,verbal,test,yes,individual,verbal,test
4152_12,4152,That’s what I put down to see what number you would have.,"We need to know what the number is, Student K.",maybe,individual,verbal,test,yes,individual,verbal,test
210_31,210,Numerator is it for top and then denominator is the bottom.  I know that the top number is the numerator because it’s north.,"Oh, that’s good.  I like that.  Okay.  So, numerator north – north is on top of south.  Okay.  Good.  That’s a good way to remember that.  Okay.  How else are they different, Student H?",yes,individual,verbal,test,yes,individual,verbal,authentic
4158_252,4158,Yes.  Check it up to there.,"Okay, and we're not – we've got a new lesson to do today so we're not going to check it.  Raise your hand if you checked it with multiplication.  Oh, we're making progress. Okay, did any of you check it with multiplication and you found out you'd made an error?",yes,choral,gestural,test,yes,choral,verbal,test
4017_132,4017,Each box holds eight glasses?,Each box holds eight glasses.  Good.  And what do we want to know?  What do we want to know?  Student J?,yes,individual,verbal,test,yes,individual,verbal,test
2960_180,2960,"Three green, one orange, two red.","Based on what we have now, Student E, looking at this sample, what do you think the whole population might look like?",yes,individual,verbal,authentic,yes,individual,verbal,authentic
2113_8,2113,There are 16 ounces in a pound.,"16 ounces in a pound, good to know.  That’s one of those things that you’re supposed to remember.  What’s another thing you can tell us about benchmarks?",yes,individual,verbal,test,yes,choral,verbal,test
4363_13,4363,When you have groups of numbers and you just add them all up.,Combining groups.  Can somebody give me an example?  Go ahead.,yes,individual,verbal,test,yes,individual,verbal,authentic
4426_21,4426,Because the one whole is already eight eighths.  So you have three eighths already.,"Oh, okay.  Was that what you were thinking, Student M?  Okay. Student J, I notice that you're showing it to me in your journal.  Talk to me about what you're doing.",yes,individual,verbal,authentic,yes,individual,verbal,authentic
4017_76,4017,"Teacher, can’t you put one in the – oh, no, you can’t.","Nope, I want seven in each line.  If I could put one more in each line I would have 13, right?",no,,,,yes,choral,verbal,test
987_358,987,3 yards and 3 yards.,Which is what?,yes,individual,verbal,test,yes,individual,verbal,test
2144_111,2144,But I only had one piece.,"Yeah, see?  You gotta maintain peace in the world.  We need all equal-sized pieces.",no,,,,no,,,
4267_6,4267,Seven hundred eighty-nine thousandths.,"Yes, remember?  We haven’t done decimals since when, last nine weeks?  This is what place, everybody?",yes,choral,verbal,test,yes,choral,verbal,test
4664_159,4664,"The number 10, it has __________.","All right, so we just used the data that we're actually given, and we make our line plot accordingly, and we have to make sure that we're also putting it in order, all right?  So with our data, how could our line plot look?  Well, let’s try to start it.  What’s the first thing we need to make our line plot?  What’s the main thing that we need; what’s the first thing we need?",yes,individual,verbal,test,yes,choral,verbal,test
2727_399,2727,"A door, by a door.",Could you make it taller?  Could you put them on their side? Look.,no,,,,yes,individual,production,authentic
2623_183,2623,Fifteen.,"That's how I get the answer when I'm cross multiplying, all right?  So okay, multiplying fractions on your whiteboard. We are working this problem out.  I have two thirds times one fourth.  Two thirds times one fourth.  What do you know about this fraction?",yes,choral,production,test,yes,individual,verbal,authentic
455_171,455,"Miss L gets – you could figure it out by doing like 6 times 3, it equals 18.",Why did you do 6 times 3?,yes,individual,verbal,authentic,yes,individual,verbal,authentic
951_52,951,"It could be SQ, FT or feet and then number 2.","Yeah, square feet, right.  Okay.  This says, """"Which is a multiple of 4?""""  There's a couple different strategies you could have used to figure that out.  Someone tell me a strategy that you used",yes,individual,verbal,test,yes,individual,verbal,authentic
4093_164,4093,4 into 20 goes 5 times.,Then what?,yes,individual,verbal,test,yes,individual,verbal,test
1098_304,1098,"This is the entry.  And that’s the attic.  And that’s going to be the room for my kids.  And I need another piece of paper for the hallway, and that room.  [Crosstalk with other students].","Now, this is the outside of your house, right?",no,,,,yes,individual,verbal,test
4158_78,4158,"26 million, 500 and 50 –","Look at the board, sweetie.  It's written up here.  You have the right answer.",yes,individual,verbal,test,no,,,
517_46,517,And then you put the –,Put the Xs on top.  Okay.  Got it?  I'm gonna come back and work with this group.,no,,,,yes,choral,verbal,test
495_237,495,It would be like one and a half gallons.,"Well, if we had 24 pints, oh, I’m sorry.  Let me ask you that, we can go there.  If I 24 pints, I want to know how many gallon, we can figure that out.  Right?",no,,,,yes,choral,verbal,test
4415_70,4415,"Because the number is 0, 2, 4, 6, or 8.",Stop.  What does the number end with?,yes,individual,verbal,test,yes,individual,verbal,test
515_309,515,Because I told Student F like if you –,"Student F, you’ve got to start labeling your units.  Are they units?  Are they seats?  Are they what?  Tell me what they are for number eight and number nine.",yes,individual,verbal,test,yes,individual,verbal,test
4426_21,4426,Because the one whole is already eight eighths.  So you have three eighths already.,"Oh, okay.  Was that what you were thinking, Student M?  Okay. Student J, I notice that you're showing it to me in your journal.  Talk to me about what you're doing.",yes,individual,verbal,authentic,yes,individual,verbal,authentic
4562_579,4562,Where do we put the names?  Like where do we put Val?,"Down below that graph.  Excuse me.  Okay, you know what I need for you to do?  I need for you to take your book and go next door to Teacher I's room, okay?",no,,,,no,,,
4118_140,4118,Do we put what we got correct?,"The amount you got correct.  All right.  We’re getting ready to start in our groups.  Let’s see.  Student I, will you hand me the box of index cards, please?  Thank you. Okay.  Student M, will you be so kind as to make sure everyone gets one?  Yep.  How cute is that?  All right.  Can you put tht up for me?  Put it up.  All right.  5, 4, 3, 2, 1.  Who is – Student I, you don’t need to be behind me.  You can have a seat.  Hold your pencils still, please.  Student C is handing out the index card.  First things first, your name goes on it.  Next thing we’re going to do – I’m going to wait until everyone’s quiet and listening.  Just make it quick.  I want you to fold the card in half, please.  Okay.  All right.  Here we go.  Here’s my index card.  I’m going to draw it big.  Okay. Numbers on one side, drawing on the other with your name up at the top corner.  When this is done you can go to your station.  Please make sure you get it turned in.  The first group, when you come back to the table, I need you to bring your fractions kit that we created over the last few days.  Student A, I know you don’t have one.  You can borrow someone else’s until we get some time later to help you set up yours.  Let me have – let’s see.  I’m going to pull – let’s do group one.  We have Student B, Student E, Student Z, Student D, and Student M.  You don’t need the marker, just your fractions kit.  You know what?  I didn’t bring my fractions kit.  Ms. C came unprepared.  Thanks.  All right.  Everybody still has their fractions kit.  That’s good.  I feel like I’m missing somebody.",no,,,,yes,choral,production,test
888_90,888,"Because, you can’t break an odd number in half.","Right, you can’t break an odd number in half evenly, right. Correct.  Good job.  Okay.  Does that make sense to you? So, we started with the simple number of four eighths, and look at all the numbers that we can create with four eighths.  And, they all equal what?",yes,individual,verbal,test,yes,choral,verbal,test
983_178,983,"For the first four, it’s 11, 11, -","Shhh.  Thank you Student A, just hang on.  Let everybody figure it out. [Students working on problems].",yes,choral,production,test,no,,,
2196_225,2196,The candles came in packages of six.  How many packages of candles does she have?,I notice this time you wrote a multiplication problem.  So what are you thinking there?  Explain it to me.,yes,individual,verbal,authentic,yes,individual,verbal,authentic
4002_114,4002,Do we just write down the answer?,"No, I want you to show us with the blocks how you did this. Girls, what I’m saying is – are you going to be able to do this?  I’m a little worried by your question to be honest with you.  What I need you to do is show the blocks to solve this problem.  Do I need another group?  Do you guys need more time?",yes,small group,production,test,yes,individual,production,test
2921_233,2921,4 times 3 is 12 and 3 times 3 is 9.,"So we can change this to 4 times 3 equals 12, 3 times 3 equals 9.  Three fourths equals nine twelfths which means nine twelfths equals what decimal?  Seventy-five hundredths. I'm going to come over 9, down to the bottom for 12, and label my seventy-five hundredths.  We have already found three different fractions that are equal to seventy-five hundredths, equal to three fourths.  Anybody else have anything they recognize in there?",yes,individual,verbal,test,yes,individual,verbal,authentic
2039_138,2039,"When there's like two classes, you–",Does it have to be classes?,yes,individual,verbal,test,yes,individual,verbal,authentic
4002_128,4002,"I did 4 tens blocks, then 9 blocks right here.  Then I accidentally did 3 here, but I changed it to 2, so I got remainder 2.","If you got an answer of 49 remainder 2, that’s what everybody got, correct?",yes,choral,"verbal, gestural",test,yes,choral,verbal,test
2437_36,2437,Because a right angle makes a square.,"Maybe the corner of it, you can put a little box in there. You're actually correct, okay?  Two and five are no goes. What about our right angle?  Again, easy to remember.  When we see the word right, think of what you can think of in your brain, when you think of the word right.  What do you think it's going to be?  I don't need to tell you.",no,,,,yes,choral,verbal,test
795_155,795,"If you start from week six in the salads sales, it goes down.","But when you're opening, it doesn't start at week six.  So what is that really showing you?  What does it show with the sales, the hamburger sales?",yes,individual,verbal,test,yes,choral,verbal,authentic
4243_346,4243,It can’t be round.,Which would also classify under what?  What sides?,yes,individual,verbal,test,yes,choral,verbal,test
4103_96,4103,12 from 16 and that equals 4.  And then I went on to this number 8 and I bring this number down here.  Then I see how many times 48 goes into 6 and I said 8.  Then I put 8 up here.  Then I did 8 times 6 and that equals 48.  Then I subtracted 8 take away 0 and then I checked this by multiplication.,Oh great.  How many people checked theirs by multiplication? Good.  I didn't even say to do it.  That's great.,yes,choral,gestural,test,yes,choral,gestural,test
683_210,683,"One, two, three, four, five, six, seven, eight.  Eight.",Eight sixteenths.  Are you sharing that with your group because you just found your equivalent fraction.  Share it with your group and everybody can put it on their chart.  What did you find?,yes,peer-directed,verbal / production,test,yes,individual,verbal,test
2525_113,2525,Is it correct or wrong?,Thumbs up or thumbs down?,yes,choral,gestural,test,yes,choral,gestural,test
4158_279,4158,A part of a whole.,"A part of a whole.  Okay, what does the denominator represent? The denominator, Student F?",yes,individual,verbal,test,yes,individual,verbal,test
455_171,455,"Miss L gets – you could figure it out by doing like 6 times 3, it equals 18.",Why did you do 6 times 3?,yes,individual,verbal,authentic,yes,individual,verbal,authentic
4554_60,4554,I am staying single for life. There is no way.,"All right, let’s see who’s done here. This is taking much longer than I thought. You got it, Student C, you are good to go. You are going to have a hard time with this because you stacked them in crazy little piles. How about if you bring all these 12’s over here and all these fourths. We are missing one of these. Trash?",no,,,,no,,,
4693_13,4693,The angles are the same because it’s the same lines and length.,"In an equilateral triangle, all the sides are the same, all the angles are the same, but an isosceles triangle here, what if I told you that only two angles were the same and one was different? Which two angles would be the same?",yes,individual,verbal,authentic,yes,individual,verbal,test
4363_6,4363,"Multiplication is like, say, for instance, 9 times 20. [You just take – nine just nine times and add it up].","Okay, so repeated addition. Student R.",no,,,,yes,individual,verbal,test
4088_89,4088,It looks like he has more.,"But does he? Did you count? I’m still not sure. I know the theory is right. How many do you have, Student J? You have 19? Is that a group of 5?",no,,,,yes,individual,verbal,test
470_476,470,It looks like a gas station.,A gas station.,no,,,,no,,,
254_157,254,Because the 400 -- it's supposed to be 403.,And 403 is how much bigger than 400?,yes,choral,verbal,test,yes,individual,verbal,test
2692_91,2692,Anything times one is the other number.,Anything times one –,yes,choral,verbal,test,no,,,
2624_5,2624,Because later in your life it might be useful for us.,"Not even later in life, right now you will need this; but you will need it later, yes, possibly. Student S?",no,,,,yes,individual,verbal,authentic
4363_12,4363,When you have groups of numbers and you just add them all up.,Combining groups. Can somebody give me an example? Go ahead.,yes,individual,verbal,authentic,yes,individual,verbal,authentic
4415_95,4415,It doesn’t end with a 0. The 2 doesn’t end with a 0.,"Good job. And the last one, 6. Is 6 divisible by 10, Student S?",yes,individual,verbal,test,yes,individual,verbal,test
2304_303,2304,The area is 12 inches squared.,Student J? Good. And how did you get 12 inches squared?,yes,individual,verbal,test,yes,individual,verbal,authentic
4158_23,4158,My low choice would be 26 million and 354 thousand and 2 hundred.,"Okay, and which did you select?",no,,,,yes,individual,verbal,test
4158_143,4158,I thought that was hundredths.,"Okay, we have – say this with me – tens.",yes,choral,verbal,authentic,yes,choral,verbal,test
208_167,208,That's half and one-sixth.,"Okay. And illustrate that all the way. So if you have them all together though, how would we say what the total is? How would we write the fraction that it equals, 'cause it's less than one, right.",no,,,,yes,choral,production,test
4620_108,4620,"It doesn’t work like that with the decimal, does it?","It has a decimal here, so you wouldn’t have to have a decimal in your answer, because you have a decimal here in these dimensions. That’s okay. Please carry those scissors correctly. Okay.",no,,,,no,,,
4620_156,4620,"Then we did the height, we measured it, 5 centimeters, then the width and the volume was – this, we just leave 0.5 over here.","You’re going to have to multiply 4 times 5, then we have to multiply 20 times 4.5. Take it back to what we did a long time ago with decimals. You have to multiply 20 times 4.5, like that, okay?",no,,,,yes,choral,verbal,test
2692_173,2692,"Why don’t we just do Fast Math with a group? You make Fast Math a group, so when we’re in group then some people learn Fast Math.","You’re right. But remember, we are doing a Fast Math group and a morning math, so you’ll get both of that. It will be – it’s about 10 minutes. This might be a little bit longer. It might be about 20 minutes, 10 and 10. So thank you for that. I did write the wrong time up there, so 10 minutes of Fast Math, 10 minutes morning math, 10 minutes of morning math, 10 minutes of Fast Math.",no,,,,no,,,
4243_62,4243,It doesn’t have straight lines.,"What else? It does have a straight line, so don’t polygons have straight lines?",yes,choral,verbal,test,yes,individual,verbal,test
4080_94,4080,"No, one whole, because it’s divided by 12.","So if it’s 12 over 12, that means my answer is 12?",yes,choral,verbal,test,yes,choral,verbal,test
1092_273,1092,If you’re buying a refrigerator.,"Oh, if you’re buying a refrigerator, so you might – like, your family to me is huge, right? Twins and then there’s two other boys and then you have your mom and your dad. So you guys probably definitely need more food than I have, hmm? There’s a lot more people eating there. Student A.",no,,,,yes,individual,verbal,test
480_352,480,Can we write it on the back?,"Yeah, that's a good idea. Really good idea, writing the answer to the matches on the back. You could number them. Like give them a number like one and then match one with one. You could do it like that. If you are doing the matching cards, if you are not close to being finished, I would write down the matches on the back because you don't want to have to start all over tomorrow. Everyone in group two hear me about what I told group one and group three about the math homework tonight? Okay. Do you need help with something? Or are you just double checking your work? Okay, is your– oh, is on there. All right. Baseball pants on the floor.",no,,,,no,,,
4158_284,4158,How many you took out?,"Mm-hmm, how many you're considering and we're talking about yesterday, we always talk about it like it's food – a cake, a Hershey bar, pizzas. But you might not be going to eat it. It might be the pieces you're going to give your friend. It might be, as I said yesterday, the pieces you're going to hide from your brother. Okay, it's the pieces you're considering and you're going to do something with those pieces. Okay, what is an improper fraction? We're kinda going to be moving into that tomorrow and I want to get a feel. Raise your hand if you have a feeling you know what an improper fraction is. Improper. It is strange. It is not right. Student B, what do you feel like that is?",yes,individual,verbal,test,yes,individual,verbal,authentic
4429_23,4429,"1,574 divided by 4.",What’s my first step to solve that division problem?,yes,choral,production,test,yes,choral,verbal,test
4156_78,4156,And at the last day of school it’s going to be 180 because –,How many days are we having in our school year?,yes,individual,verbal,authentic,yes,choral,verbal,test
169_170,169,So we do this one ourselves and then we write problems for our partners?,"This one is not for yourself; right now you are working together with somebody else. You write the problem completely formed the way it is, usually letters –",no,,,,yes,small_group,production,authentic
4717_15,4717,You didn’t put a dot inside.,Is that okay? Can you put the dots there?,yes,choral,verbal,authentic,yes,individual,production,test
4156_43,4156,"According to my pattern, I’ve got it.","Well, we know some strategies to figure it out based on patterns we’ve seen with types of lines and color. So you kind of have some strategies to figure this kind of pattern out. Now while you’re finishing that, about 30 more seconds, as I shade in our next 100th square, I’ll write today’s fraction and decimal, and then we’re going to look at a pattern. Because we’ve got a wonderful number line going around the top of my head right now, and we’re going to add one to that, because today, we have now 10, 20, 30, 40, 50, 60, 70 –",no,,,,no,,,
4206_145,4206,"Every time you go down, why didn’t you subtract 1 minus 1?","Bring down my 8. My new number is 8, so I need 8 or less. Can you see where she got the 6 from the M side? I put a 6 right here, and what number goes with 6? 1. Dragons mean serious business. Is there anything left to bring down? What does that mean? What are we doing with this down here?",yes,choral,verbal,test,yes,choral,verbal,authentic
4363_22,4363,I was thinking of a division one.,Student A.,no,,,,yes,individual,verbal,test
3003_208,3003,We’re missing Student N too. Student N and Student M like to hang out in the bathroom a lot.,"Let’s focus on the assignment I’m trying to give you. So let’s just stop the side conversation and focus on this. I have a number of objects in the back of the room. You guys can’t see them right here. There are buckets, there are coffee cans, there are circular containers, but the thing they all have in common is that they have a circle to them. With your partner, you’re going to send one person to the back of the room. They’re going to get some kind of circular object and a tape measure.",no,,,,yes,small_group,production,test
4651_132,4651,"One you can’t – wait – an odd number – if there’s a one in the one’s place – a one, three – one, three, five, seven or nine in the one’s place then it’s an odd number.","A one, three, five, seven, nine. I agree. But what’s another way?",yes,individual,verbal,authentic,yes,individual,verbal,test
4620_132,4620,We did the first one.,And?,yes,individual,verbal,authentic,yes,individual,verbal,test
97_49,97,It’s like how it is tall?,Yes. How tall something is from the floor up or from the ground up. How tall something is. Okay? What’s the next one? Class?,yes,choral,verbal,test,yes,choral,verbal,test
4415_39,4415,"I know because it is an odd number, and it’s 3, 6, or 9.",You’re forgetting the first part of it. I’ll come back to you. Student J?,yes,individual,verbal,test,yes,individual,verbal,test
4007_103,4007,I don’t get this one.,Why not?,yes,individual,verbal,authentic,yes,individual,verbal,authentic
517_131,517,It didn't go all the way to the 15.,Student S.,yes,,,,yes,individual,verbal,test
517_145,517,The first one is zero.,Exactly.,no,,,,no,,,
912_227,912,"The higher the number, the smaller it is.",You got it. That’s a good thought.,no,,,,no,,,
2236_315,2236,Is this like this? Is it multiplied by [four]?,Hmm?,no,,,,no,,,
4359_377,4359,We don't have no more places.,"We don't have anything left to bring down here, do we?",no,,,,no,,,
235_232,235,It's a square and a triangle.,"Okay. Is it a square? Yes, we used a square to trace because we don't have rectangles, but is it a square if we look at the dimensions? Is it a rectangle or a square?",yes,individual,verbal,test,yes,individual,verbal,test
4620_100,4620,"Yes, but there was space around it.","Okay. No, you can’t cut it. So what could you do? Think about what you could do to fix it. You can’t cut the cube. What? What’s 5 times 5? 25, carry the 2. 5 times 4, 20, plus 2, so use that. 20, carry the 2, 4 times 4. 5, 2, 3, 0, 2. Yes. How many digits are after the decimal? 1, 2. Now you’re not finished. You now need to multiply that times four and five tenths. I need that. Don’t throw that away. There you go. Thank you. Yes, you can measure first. What’s up?",yes,individual,verbal,authentic,yes,individual,verbal,test
2191_25,2191,We did the same thing as Student D did.,Okay. Speak up a little bit.,no,,,,no,,,
754_303,754,"And then I figured out, since I knew that this times that is that, that I can just be three more 20s.","Wonderful. You really did, Student D, honestly. I'm just – I'm so impressed how you used this to help you with this. Wow, what a big week you have made this week. Watch the time. We're coming together in ten minutes.",no,,,,no,,,
1119_405,1119,"– triple, third numbers to write equivalent expressions.","Okay, but this is a lot of new words, a lot of new vocabulary terms that we need to understand before we go on? Yes?",yes,,,,yes,choral,verbal,test
354_232,354,You said it would be a whole.,"Right, seven-sevenths is one whole. Remember, we had to add the seven to the five.",no,,,,no,,,
4562_822,4562,I already did the times –,Three?,no,,,,yes,individual,verbal,test
2119_10,2119,I can make it like that. That's the way it fills up the gas.,That works. So now show three fourths of that.,no,,,,yes,individual,production,test
2816_131,2816,What would eighths fit into?,You used eighths and what are you looking at now that you have sixteenths?,yes,individual,production,test,yes,individual,verbal,test
4562_528,4562,Why do we have so many graphs?,"Do each of you have a copy of this? How many are in that pile? You got too many. Student A, if I catch you away from your group again, you're getting a check.",yes,individual,production,test,no,,,
4063_339,4063,"We know because the rows got – it went from one, to two, then three, then four, then five.","So they increased by one each row. Step back. Who followed what they did? Who’s been to a bowling alley before? Who knows how the pins are arranged? 1, 2, 3, 4, kind of like a pyramid, and that’s exactly what they did. Let’s give them a big round of applause. Good work was done here. You can sit down. I’m going to move this all the way over here, and now I want Student N’s group to come up. All of you. Get the paper. They didn’t have time to do the marker part, but they’ll get to it later and they’re going to present, because we have an early lunch, don’t we, boys and girls? Student A, what time is our lunch?",yes,individual,verbal,authentic,no,,,
593_230,593,There's one right here.,Just mark it. Yeah. Uh-huh.,no,,,,yes,individual,production,test
2077_445,2077,"Teacher L, can you change your dimensions like 3-D and stuff for your bars?","You can do 2-D or 3-D, yes. I already said that.",no,,,,no,,,
4636_175,4636,Up there you put the eighth. The eighth was 7.,So that’s wrong. We made a mistake. My bad.,no,,,,no,,,
2573_225,2573,Can we do it a couple times?,No. Pick something a little bit bigger. I do need – does your not have a back?,,,,,yes,individual,verbal,test
4081_198,4081,Do we do improper and a mixed number?,I like what I’m seeing. How we doing?,no,,,,no,,,
2051_37,2051,"Because I thought that was the decimal, the 82.",Does 82 have a decimal in it or not?,yes,individual,verbal,test,yes,individual,verbal,test
2176_107,2176,That’s what I said.,Seven times fourteen.,no,,,,yes,choral,verbal,test
